{
  "C1": {
    "mean_emd": 0.04630426783345117,
    "n": 300
  },
  "Cinfv": {
    "mean_emd": 0.16142236465316032,
    "n": 8
  },
  "Td": {
    "mean_emd": 0.03363036238721899,
    "n": 5
  },
  "D6h": {
    "mean_emd": 0.02693793685175478,
    "n": 1
  },
  "Cs": {
    "mean_emd": 0.04106342854315499,
    "n": 300
  }
}