{
  "0.3": {
    "gap01_ratio_clean": 0.1103999999999997,
    "gap12_ratio_clean": 0.7296000000000001,
    "regime0": "DISTINCT",
    "n_candidates0": 8,
    "per_sigma": {
      "0.0": {
        "mean_emd": 5.381442802639772e-16,
        "median_emd": 5.320853054381391e-16,
        "max_emd": 1.2008456423838479e-15,
        "flip_rate": 0.0,
        "regime_mismatch_rate": 0.0,
        "regimes1_seen": [
          "DISTINCT"
        ]
      },
      "0.0001": {
        "mean_emd": 0.00016793254101152413,
        "median_emd": 0.00016733954438833039,
        "max_emd": 0.0002378426505745635,
        "flip_rate": 0.0,
        "regime_mismatch_rate": 0.0,
        "regimes1_seen": [
          "DISTINCT"
        ]
      },
      "0.001": {
        "mean_emd": 0.0016878077389432923,
        "median_emd": 0.001656857630430136,
        "max_emd": 0.0022625896783557524,
        "flip_rate": 0.0,
        "regime_mismatch_rate": 0.0,
        "regimes1_seen": [
          "DISTINCT"
        ]
      },
      "0.01": {
        "mean_emd": 0.05174101438708816,
        "median_emd": 0.017531597990894487,
        "max_emd": 0.15267307068956226,
        "flip_rate": 0.0,
        "regime_mismatch_rate": 0.0,
        "regimes1_seen": [
          "DISTINCT"
        ]
      }
    }
  },
  "0.1": {
    "gap01_ratio_clean": 0.03359999999999966,
    "gap12_ratio_clean": 0.8064000000000002,
    "regime0": "DISTINCT",
    "n_candidates0": 8,
    "per_sigma": {
      "0.0": {
        "mean_emd": 6.404789007185834e-16,
        "median_emd": 6.182024032500291e-16,
        "max_emd": 1.8700691930733013e-15,
        "flip_rate": 0.0,
        "regime_mismatch_rate": 0.0,
        "regimes1_seen": [
          "DISTINCT"
        ]
      },
      "0.0001": {
        "mean_emd": 0.00021670535845941732,
        "median_emd": 0.00019780621204503927,
        "max_emd": 0.00039254792484585515,
        "flip_rate": 0.0,
        "regime_mismatch_rate": 0.0,
        "regimes1_seen": [
          "DISTINCT"
        ]
      },
      "0.001": {
        "mean_emd": 0.001995907645661583,
        "median_emd": 0.0018268650805016765,
        "max_emd": 0.0035075818147600954,
        "flip_rate": 0.0,
        "regime_mismatch_rate": 0.0,
        "regimes1_seen": [
          "DISTINCT"
        ]
      },
      "0.01": {
        "mean_emd": 0.06732629606973725,
        "median_emd": 0.024230068281046332,
        "max_emd": 0.14109537740591158,
        "flip_rate": 0.0,
        "regime_mismatch_rate": 0.0,
        "regimes1_seen": [
          "DISTINCT"
        ]
      }
    }
  },
  "0.03": {
    "gap01_ratio_clean": 0.009743999999999857,
    "gap12_ratio_clean": 0.830256,
    "regime0": "DISTINCT",
    "n_candidates0": 8,
    "per_sigma": {
      "0.0": {
        "mean_emd": 1.4419355099238997e-15,
        "median_emd": 1.2211521980103178e-15,
        "max_emd": 3.4160973179760694e-15,
        "flip_rate": 0.0,
        "regime_mismatch_rate": 0.0,
        "regimes1_seen": [
          "DISTINCT"
        ]
      },
      "0.0001": {
        "mean_emd": 0.0004466202568176901,
        "median_emd": 0.0004307325657608034,
        "max_emd": 0.0009377290337548117,
        "flip_rate": 0.0,
        "regime_mismatch_rate": 0.0,
        "regimes1_seen": [
          "DISTINCT"
        ]
      },
      "0.001": {
        "mean_emd": 0.04513728686568154,
        "median_emd": 0.004321278850886344,
        "max_emd": 0.13409789288958612,
        "flip_rate": 0.0,
        "regime_mismatch_rate": 0.0,
        "regimes1_seen": [
          "DISTINCT"
        ]
      },
      "0.01": {
        "mean_emd": 0.09829183431270148,
        "median_emd": 0.12966632346151277,
        "max_emd": 0.20765786613505507,
        "flip_rate": 0.0,
        "regime_mismatch_rate": 0.02,
        "regimes1_seen": [
          "AXIAL",
          "DISTINCT"
        ]
      }
    }
  },
  "0.01": {
    "gap01_ratio_clean": 0.0032159999999997546,
    "gap12_ratio_clean": 0.8367840000000001,
    "regime0": "DISTINCT",
    "n_candidates0": 8,
    "per_sigma": {
      "0.0": {
        "mean_emd": 3.3080069004285034e-15,
        "median_emd": 3.05406714294045e-15,
        "max_emd": 9.148000590291807e-15,
        "flip_rate": 0.0,
        "regime_mismatch_rate": 0.0,
        "regimes1_seen": [
          "DISTINCT"
        ]
      },
      "0.0001": {
        "mean_emd": 0.0010853712282978465,
        "median_emd": 0.001023146481608655,
        "max_emd": 0.003388354188007202,
        "flip_rate": 0.0,
        "regime_mismatch_rate": 0.0,
        "regimes1_seen": [
          "DISTINCT"
        ]
      },
      "0.001": {
        "mean_emd": 0.0559014460907288,
        "median_emd": 0.01641640315397231,
        "max_emd": 0.13290014910595954,
        "flip_rate": 0.0,
        "regime_mismatch_rate": 0.0,
        "regimes1_seen": [
          "DISTINCT"
        ]
      },
      "0.01": {
        "mean_emd": 0.14642434325247902,
        "median_emd": 0.13599124102087679,
        "max_emd": 0.209339595560754,
        "flip_rate": 0.0,
        "regime_mismatch_rate": 0.02,
        "regimes1_seen": [
          "AXIAL",
          "DISTINCT"
        ]
      }
    }
  },
  "0.003": {
    "gap01_ratio_clean": 0.0009614399999997758,
    "gap12_ratio_clean": 0.8390385600000002,
    "regime0": "AXIAL",
    "n_candidates0": 160,
    "per_sigma": {
      "0.0": {
        "mean_emd": 8.794357278614733e-16,
        "median_emd": 7.851755317954793e-16,
        "max_emd": 2.8578158219111543e-15,
        "flip_rate": 0.0,
        "regime_mismatch_rate": 0.0,
        "regimes1_seen": [
          "AXIAL"
        ]
      },
      "0.0001": {
        "mean_emd": 0.04438704726921358,
        "median_emd": 0.00021677745162395408,
        "max_emd": 0.20282649460547014,
        "flip_rate": 0.0,
        "regime_mismatch_rate": 0.22,
        "regimes1_seen": [
          "AXIAL",
          "DISTINCT"
        ]
      },
      "0.001": {
        "mean_emd": 0.10518188130704045,
        "median_emd": 0.11856281348812983,
        "max_emd": 0.20568964229318984,
        "flip_rate": 0.0,
        "regime_mismatch_rate": 0.48,
        "regimes1_seen": [
          "AXIAL",
          "DISTINCT"
        ]
      },
      "0.01": {
        "mean_emd": 0.14926664895898084,
        "median_emd": 0.15435719608880494,
        "max_emd": 0.20661085759580627,
        "flip_rate": 0.0,
        "regime_mismatch_rate": 1.0,
        "regimes1_seen": [
          "DISTINCT"
        ]
      }
    }
  },
  "0.0": {
    "gap01_ratio_clean": 3.019806626980426e-16,
    "gap12_ratio_clean": 0.84,
    "regime0": "AXIAL",
    "n_candidates0": 160,
    "per_sigma": {
      "0.0": {
        "mean_emd": 8.219919177772984e-16,
        "median_emd": 6.214399823345618e-16,
        "max_emd": 3.1184070987809202e-15,
        "flip_rate": 0.0,
        "regime_mismatch_rate": 0.0,
        "regimes1_seen": [
          "AXIAL"
        ]
      },
      "0.0001": {
        "mean_emd": 0.0002452469942417109,
        "median_emd": 0.00023227566494919444,
        "max_emd": 0.0005024796055063941,
        "flip_rate": 0.0,
        "regime_mismatch_rate": 0.0,
        "regimes1_seen": [
          "AXIAL"
        ]
      },
      "0.001": {
        "mean_emd": 0.019753860730509422,
        "median_emd": 0.0021996947559469677,
        "max_emd": 0.20739774379177903,
        "flip_rate": 0.0,
        "regime_mismatch_rate": 0.06,
        "regimes1_seen": [
          "AXIAL",
          "DISTINCT"
        ]
      },
      "0.01": {
        "mean_emd": 0.15618599489325027,
        "median_emd": 0.15510138453951555,
        "max_emd": 0.2054389936503606,
        "flip_rate": 0.0,
        "regime_mismatch_rate": 1.0,
        "regimes1_seen": [
          "DISTINCT"
        ]
      }
    }
  }
}